,total_ins,total_uops,cycles,cycles:k,ipc,cpi,instructions,branch_miss,branch_misses,branch_instructions,l1i_cache_mpki,l1d_cache_mpki,l1d_cache_misses,l1d_cache,l1i_cache_load_misses,l1d_cache_miss,l1i_cache_loads,l1i_cache_load_miss,l2_cache_misses,l2_cache,l2_cache_miss,l3_cache_misses,l3_cache,l3_cache_miss,dtlb_misses,dtlb,dtlb_miss,itlb_misses,itlb,itlb_miss,stlb,stlb_misses,stlb_miss,load,store,br,fp,int,vector,other,syscall_rate,loads,stores,fps,ints,vector_uops,others
main,622130219.0,0.0,494656397.0,0.0,1.2577017557502648,0.795101060667172,622130219.0,0.07133121519431458,4870455.0,68279434.0,1.4749323726388543,462.6473593625581,11019675.0,171751257.0,917600.0,0.06416066579355516,287826903.0,0.0031880272150932327,3878082.0,24456408.0,0.15857120146180093,2508.0,22236.0,0.11279007015650297,18038621.0,379019049.0,0.04759291399097991,88115.0,287715169.0,0.00030625774896143903,0.0,0.0,0.0,0.3834725877541724,0.13494136024278222,0.10975103268532918,0.00012110487113309633,0.9428857819234143,0.0005192112360643906,0.0,0.0,238569885.0,83951098.0,75343.0,586597738.0,323017.0,0.0
