,total_ins,total_uops,cycles,cycles:k,ipc,cpi,instructions,branch_miss,branch_misses,branch_instructions,l1i_cache_mpki,l1d_cache_mpki,l1d_cache_misses,l1d_cache,l1i_cache_load_misses,l1d_cache_miss,l1i_cache_loads,l1i_cache_load_miss,l2_cache_misses,l2_cache,l2_cache_miss,l3_cache_misses,l3_cache,l3_cache_miss,dtlb_misses,dtlb,dtlb_miss,itlb_misses,itlb,itlb_miss,stlb,stlb_misses,stlb_miss,load,store,br,fp,int,vector,other,syscall_rate,loads,stores,fps,ints,vector_uops,others
main,1444149851.0,0.0,8846719758.0,0.0,0.16324127931079424,6.125901513526522,1444149851.0,0.17788305397435122,59201909.0,332813653.0,92.41612074230655,770.7730608629201,55306054.0,770664536.0,133462727.0,0.07176410930630912,1113111801.0,0.11990055884781695,61023356.0,723594519.0,0.0843336349262756,0.0,0.0,,7520396.0,0.0,inf,57680164.0,0.0,inf,0.0,0.0,0.0,0.3661284295628127,0.17318994481549824,0.2304564535110699,0.0,0.4556220786536646,1.170238669366452e-07,0.0,0.0,528744317.0,250112233.0,0.0,657986557.0,169.0,0.0
