,total_ins,total_uops,cycles,cycles:k,ipc,cpi,instructions,branch_miss,branch_misses,branch_instructions,l1i_cache_mpki,l1d_cache_mpki,l1d_cache_misses,l1d_cache,l1i_cache_load_misses,l1d_cache_miss,l1i_cache_loads,l1i_cache_load_miss,l2_cache_misses,l2_cache,l2_cache_miss,l3_cache_misses,l3_cache,l3_cache_miss,dtlb_misses,dtlb,dtlb_miss,itlb_misses,itlb,itlb_miss,stlb,stlb_misses,stlb_miss,load,store,br,fp,int,vector,other,syscall_rate,loads,stores,fps,ints,vector_uops,others
main,2096455563.0,0.0,1724445690.0,0.0,1.215727218988265,0.8225529414667588,2096455563.0,0.016362434151616402,2455615.0,150076387.0,2.58873886753592,286.4572512763534,10103055.0,723115881.0,5427176.0,0.013971557347113498,600544898.0,0.00903708618302174,15827.0,43965032.0,0.00035999063983394806,0.0,0.0,,994044.0,0.0,inf,1139756.0,0.0,inf,0.0,0.0,0.0,0.2272609123745114,0.11815447862178226,0.07158577059713238,0.0,0.6027621745493682,0.00033703934033730816,0.0,0.0,476442404.0,247705614.0,0.0,1263664114.0,706588.0,0.0
