,INST_RETIRED,CPU_CYCLES,BR_MIS_PRED_RETIRED,BR_RETIRED,L1D_CACHE_REFILL,L1D_CACHE,L1I_CACHE_REFILL,L1I_CACHE,L2D_CACHE_REFILL,L2D_CACHE,LL_CACHE_MISS_RD,LL_CACHE_RD,L1D_TLB_REFILL,L1D_TLB,L1I_TLB_REFILL,L1I_TLB,L2TLB_REFILL,L2TLB_REQ,LD_SPEC,ST_SPEC,DP_SPEC,VFP_SPEC,ASE_SPEC,elapsed_time
readrandom_1_8192,501173419107,468348268429,487473109,47117544172,2187550105,179378901052,1092149375,153998754924,1888328768,13050951543,0,0,281318267,0,210624989,0,0,0,109730600617,63960895397,290737677601,2166979,49055605,600.004003836
readrandom_16_65536,5763687968934,4246237412924,5887027350,542334856774,25718560237,2065193844902,13192196404,1779713468776,25569540768,155777237765,0,0,3331987972,0,2551739731,0,0,0,1264979030646,737080160794,3348240178655,24812239,558111112,600.006316004
readrandom_16_8192,5798225511624,4247149972250,5793342293,545213731176,25635738500,2077215341121,12802541199,1788059664990,25612561630,155059502757,0,0,3387609796,0,2512913518,0,0,0,1271575024345,741269115228,3366817599096,25188522,569288901,600.006204409
readrandom_32_65536,5695915425379,4202537219694,6163582725,536893796342,25485769607,2041679415040,13507304289,1764389767575,24848261133,154846425885,0,0,3461870390,0,2566424743,0,0,0,1251392181232,729447379022,3313158088853,24182104,561470286,600.004252206
readrandom_1_65536,504839341014,468422332019,484613948,47385287694,2120463041,180751955002,1117848560,155110688690,1909313677,13061899035,0,0,280388172,0,219275280,0,0,0,110573114384,64499379783,292937130511,2117811,49788453,600.004014499
readrandom_32_8192,5709239624608,4205901305685,6008477454,538104769799,25569413857,2045702609191,13140195015,1765950471501,24856218736,154194553400,0,0,3445269904,0,2524011550,0,0,0,1253396999445,730740766234,3319770196102,25077176,552884386,600.004083654
compact_1_65536,922579249313,1460622889808,6914220340,118542228522,25357976400,325644018901,1621083386,459815097088,2992919249,65060621644,0,0,19207992081,0,164807083,0,0,0,274497722766,110498878999,723487108779,615285,45997919,600.003961533
fillrandom_1_65536,1328256743033,3066372182134,13517062870,195846026566,49941405342,491737488336,3061276489,773935844610,4083688130,121172249010,0,0,39251575982,0,841925731,0,0,0,442515406025,165598440344,1132383265539,111282038,170293581,600.004242459
