,INST_RETIRED,CPU_CYCLES,BR_MIS_PRED_RETIRED,BR_RETIRED,L1D_CACHE_REFILL,L1D_CACHE,L1I_CACHE_REFILL,L1I_CACHE,L2D_CACHE_REFILL,L2D_CACHE,LL_CACHE_MISS_RD,LL_CACHE_RD,L1D_TLB_REFILL,L1D_TLB,L1I_TLB_REFILL,L1I_TLB,L2TLB_REFILL,L2TLB_REQ,LD_SPEC,ST_SPEC,DP_SPEC,VFP_SPEC,ASE_SPEC,elapsed_time
partition_nq100000,101403909855,273535702372,1773698181,23259172222,2644284291,42886531860,5836536917,62832371047,1900217552,20425875658,0,0,1743951614,0,839765288,0,0,0,29005942373,13865082145,65636497305,40411042,62147195,569.535910577
normal_nq100000,101152722555,273591370032,1813279085,23347915166,2591464915,43032063810,5914124615,63308464329,1832952658,20403792762,0,0,1730169267,0,845116752,0,0,0,28835783353,13829456855,65789382799,41235635,59885955,567.956363244
partition_nq300000,341027836028,906466879239,5649182425,77958765557,8568721814,142150292206,20176019526,208588063224,5809349869,68278386611,0,0,5798576189,0,2771931234,0,0,0,95081889809,45651945197,223393854889,123281323,184605377,5528.8389371
normal_nq300000,299869737064,806396080451,5313395830,68883608832,7810305407,127298937972,17551100821,186060473565,5442452936,60781425982,0,0,5126707798,0,2479278151,0,0,0,86073822727,41209467508,194896957497,123400948,191762707,1697.415141664
partition_nq200000,208365433842,558856979173,3556780246,48063986381,5387349765,88366854225,12118869778,128443199103,3831812779,41864962075,0,0,3560809676,0,1695387922,0,0,0,58773462243,28251073062,134671061701,83322998,126482703,1825.077081713
normal_nq200000,200793276300,537470816448,3456396119,46028637549,5193279302,85163485818,11602201631,123302570854,3692745370,40257665526,0,0,3424362287,0,1648320404,0,0,0,56891663216,27330227884,129342781166,82011035,121118244,1131.169637311
