,INST_RETIRED,CPU_CYCLES,BR_MIS_PRED_RETIRED,BR_RETIRED,L1D_CACHE_REFILL,L1D_CACHE,L1I_CACHE_REFILL,L1I_CACHE,L2D_CACHE_REFILL,L2D_CACHE,LL_CACHE_MISS_RD,LL_CACHE_RD,L1D_TLB_REFILL,L1D_TLB,L1I_TLB_REFILL,L1I_TLB,L2TLB_REFILL,L2TLB_REQ,LD_SPEC,ST_SPEC,DP_SPEC,VFP_SPEC,ASE_SPEC,elapsed_time
readrandom_32_65536,5313149374413,4218409205479,6254307415,380935191257,26411466570,1886960697382,14413609292,1587613254163,24645761923,159657860534,0,0,3394271235,0,2514056854,0,0,0,1207500661753,628246196697,3209658738436,25183260,1792708862,600.004864279
readrandom_16_8192,5399103424758,4262450904783,6475825195,386085755986,27098508920,1918669224170,14616583657,1613861496138,25255309791,162626163582,0,0,3338112538,0,2566733860,0,0,0,1228078497328,638658441594,3261500037521,25733196,1828754259,600.006660769
readrandom_16_65536,5345111381021,4263224349350,6134637441,382004760126,26622645113,1898581420053,14258275135,1594875745120,25284345267,160450688694,0,0,3305663988,0,2511439155,0,0,0,1214811965694,631859667429,3227262315183,25380745,1803309411,600.001325952
readrandom_1_8192,481076415494,268489841252,483643117,34378247454,2347706213,170612923739,1222466766,142255613644,1958301009,13988300201,0,0,276967715,0,219217395,0,0,0,108860928661,56671164725,289610841711,2238963,159125474,600.004013168
readrandom_32_8192,5322003250934,4220452714656,6671414325,381992182994,26784583880,1890552839064,14734666672,1594512681817,24626511169,161239280254,0,0,3379493567,0,2534542903,0,0,0,1210979512762,629898806637,3217585702758,25284841,1805328841,600.006864177
compact_1_65536,902621968715,850319275160,6784049581,108553868187,24903363219,325845900032,1730973146,469128041848,2699029655,63988791332,0,0,19272180418,0,158808129,0,0,0,285994156820,101067994409,702362620344,1437560,356003187,600.003978247
fillrandom_1_65536,1361860773858,1600018529948,13407905155,196476581316,49997922005,518782731136,4046885372,823992695693,3804420703,122450928813,0,0,39790514186,0,1276056182,0,0,0,476267038824,161490128564,1123710301001,109971691,696227270,600.004577965
readrandom_1_65536,483940311122,268328277558,490052310,34419759381,2305482465,171661396966,1227169668,143032326584,1985939216,14044739835,0,0,270911285,0,217440100,0,0,0,109605851578,57061084762,291358987660,2285463,160320435,600.003962063
